Magnitude,UCERF3-TI Prob,UCERF3-TD Prob,UCERF3-ETAS Prob
6.0,0.0064425888,0.006796466,0.0
6.1,0.0064425888,0.006796466,0.0
6.2,0.0064425888,0.006796466,0.0
6.3,0.0064425888,0.006796466,0.0
6.4,0.0064425888,0.006796466,0.0
6.5,0.003641826,0.0038353594,0.0
6.6,0.003641826,0.0038353594,0.0
6.7,0.0028538927,0.0030061677,0.0
6.8,0.0020823893,0.0021929555,0.0
6.9,0.001541707,0.0016237341,0.0
7.0,7.594696E-4,8.013377E-4,0.0
7.1,3.6493264E-4,3.8540488E-4,0.0
