Magnitude,UCERF3-TI Prob,UCERF3-TD Prob,UCERF3-ETAS Prob
6.0,0.031571172,0.041881707,0.0
6.1,0.022894967,0.030251587,0.0
6.2,0.022894967,0.030251587,0.0
6.3,0.015287281,0.020129133,0.0
6.4,0.010646289,0.014013898,0.0
6.5,0.008702018,0.0114605,0.0
6.6,0.0076644225,0.010098751,0.0
6.7,5.1910203E-4,6.007318E-4,0.0
6.8,3.06049E-4,3.542557E-4,0.0
