Magnitude,UCERF3-TI Prob,UCERF3-TD Prob,UCERF3-ETAS Prob
6.0,0.011179381,0.011990879,0.1
6.1,0.011179381,0.011990879,0.1
6.2,0.011179381,0.011990879,0.1
6.3,0.005217545,0.0055725765,0.1
6.4,0.005217545,0.0055725765,0.1
6.5,0.0036259557,0.0038698863,0.1
6.6,0.0026013597,0.002776431,0.1
6.7,0.0019095168,0.002038784,0.0
6.8,0.0013348613,0.0014264225,0.0
6.9,9.223483E-4,9.8604E-4,0.0
