Magnitude,UCERF3-TI Prob,UCERF3-TD Prob,UCERF3-ETAS Prob
6.0,0.0031370334,0.0032202534,0.0
6.1,0.0031370334,0.0032202534,0.0
6.2,0.0031370334,0.0032202534,0.0
6.3,0.0031370334,0.0032202534,0.0
6.4,0.0031370334,0.0032202534,0.0
6.5,0.0031370334,0.0032202534,0.0
6.6,0.0031370334,0.0032202534,0.0
6.7,0.0018646746,0.0019135767,0.0
6.8,0.0018646746,0.0019135767,0.0
6.9,0.0014562025,0.0014942897,0.0
7.0,0.0013506714,0.0013860409,0.0
7.1,0.0012455335,0.0012782143,0.0
7.2,7.8970374E-4,8.104647E-4,0.0
