Magnitude,UCERF3-TI Prob,UCERF3-TD Prob,UCERF3-ETAS Prob
6.0,0.015895851,0.017067092,0.0
6.1,0.015895851,0.017067092,0.0
6.2,0.006090366,0.006501464,0.0
6.3,0.006090366,0.006501464,0.0
6.4,0.0041288356,0.00439962,0.0
6.5,0.0030650778,0.0032632593,0.0
6.6,0.0030650778,0.0032632593,0.0
6.7,0.0016013865,0.0017048342,0.0
6.8,0.001184915,0.0012620717,0.0
6.9,5.191674E-4,5.5375876E-4,0.0
7.0,2.4722028E-4,2.6386016E-4,0.0
