Magnitude,UCERF3-TI Prob,UCERF3-TD Prob,UCERF3-ETAS Prob
6.0,0.011015458,0.011748409,0.0
6.1,0.011015458,0.011748409,0.0
6.2,0.011015458,0.011748409,0.0
6.3,0.0060417196,0.0064054118,0.0
6.4,0.0060417196,0.0064054118,0.0
6.5,0.0046494175,0.0049204375,0.0
6.6,0.0038253788,0.0040447796,0.0
6.7,0.0032701963,0.0034565774,0.0
6.8,0.002877895,0.0030417684,0.0
6.9,0.0024899957,0.0026321255,0.0
7.0,0.0020241356,0.0021406757,0.0
7.1,0.001478599,0.001564926,0.0
