Magnitude,UCERF3-TI Prob,UCERF3-TD Prob,UCERF3-ETAS Prob
6.0,0.001706678,0.0015351089,0.0
6.1,0.001706678,0.0015351089,0.0
6.2,0.001706678,0.0015351089,0.0
6.3,0.001706678,0.0015351089,0.0
6.4,0.001706678,0.0015351089,0.0
6.5,0.001706678,0.0015351089,0.0
6.6,0.001706678,0.0015351089,0.0
6.7,0.001706678,0.0015351089,0.0
6.8,0.001706678,0.0015351089,0.0
6.9,0.0012991455,0.0011180635,0.0
7.0,0.0012766428,0.0010961791,0.0
7.1,9.329135E-4,7.525711E-4,0.0
7.2,5.072095E-4,3.6968428E-4,0.0
