Magnitude,UCERF3-TI Prob,UCERF3-TD Prob,UCERF3-ETAS Prob
6.0,0.02130354,0.025586782,0.0
6.1,0.02130354,0.025586782,0.0
6.2,0.02130354,0.025586782,0.0
6.3,0.02130354,0.025586782,0.0
6.4,0.02130354,0.025586782,0.0
6.5,0.0133088045,0.015884528,0.0
6.6,0.0133088045,0.015884528,0.0
6.7,0.010365757,0.012363096,0.0
6.8,0.0076840227,0.009170501,0.0
6.9,0.005549967,0.0066376585,0.0
7.0,0.0039914316,0.004779217,0.0
