Magnitude,UCERF3-TI Prob,UCERF3-TD Prob,UCERF3-ETAS Prob
6.0,0.14089979,0.2395047,0.1
6.1,0.14089979,0.2395047,0.1
6.2,0.14089979,0.2395047,0.1
6.3,0.14089979,0.2395047,0.1
6.4,0.12270685,0.21004274,0.1
6.5,0.12270685,0.21004274,0.1
6.6,0.11286586,0.19435865,0.1
6.7,0.09732539,0.16894297,0.1
6.8,0.07758363,0.13104697,0.1
6.9,0.060947374,0.098827906,0.1
7.0,0.04750344,0.07424314,0.1
7.1,0.025903556,0.036906987,0.1
7.2,3.414778E-5,2.3949257E-5,0.0
