Magnitude,UCERF3-TI Prob,UCERF3-TD Prob,UCERF3-ETAS Prob
6.0,0.008038137,0.008691955,0.1
6.1,0.008038137,0.008691955,0.1
6.2,0.0065657445,0.007087862,0.0
6.3,0.0065657445,0.007087862,0.0
6.4,0.004901982,0.005275081,0.0
6.5,0.004876298,0.0052478816,0.0
6.6,0.0040636472,0.0043808273,0.0
6.7,0.001205052,0.001270566,0.0
6.8,0.0010890438,0.001147195,0.0
6.9,9.788794E-4,0.0010301992,0.0
7.0,8.010151E-4,8.4268645E-4,0.0
7.1,5.6886784E-4,5.9807283E-4,0.0
7.2,3.1650066E-4,3.3231854E-4,0.0
