Magnitude,UCERF3-TI Prob,UCERF3-TD Prob,UCERF3-ETAS Prob
6.0,0.010280091,0.011214502,0.0
6.1,0.010280091,0.011214502,0.0
6.2,0.010280091,0.011214502,0.0
6.3,0.007974784,0.008701711,0.0
6.4,0.007974784,0.008701711,0.0
6.5,0.0073766913,0.00805142,0.0
6.6,0.0070034964,0.0076461914,0.0
6.7,0.006774798,0.007393937,0.0
6.8,0.0029673933,0.003230228,0.0
6.9,0.002285778,0.002488933,0.0
