Magnitude,UCERF3-TI Prob,UCERF3-TD Prob,UCERF3-ETAS Prob
6.0,0.01209173,0.013126482,0.0
6.1,0.0054158745,0.0058640135,0.0
6.2,0.0054158745,0.0058640135,0.0
6.3,0.0026743996,0.0028895354,0.0
6.4,0.0013028418,0.0014045406,0.0
6.5,0.0012956132,0.0013972168,0.0
6.6,1.081377E-4,1.0958316E-4,0.0
6.7,9.1540656E-5,9.2758135E-5,0.0
6.8,6.4284E-5,6.507867E-5,0.0
6.9,3.3393713E-5,3.3819186E-5,0.0
7.0,3.3631998E-6,3.407543E-6,0.0
