Magnitude,UCERF3-TI Prob,UCERF3-TD Prob,UCERF3-ETAS Prob
6.0,0.0041394117,0.004301814,0.0
6.1,0.0041394117,0.004301814,0.0
6.2,0.0041394117,0.004301814,0.0
6.3,0.0041394117,0.004301814,0.0
6.4,0.0023255737,0.0024058458,0.0
6.5,0.0023255737,0.0024058458,0.0
6.6,0.0021236122,0.0021950856,0.0
6.7,0.0021236122,0.0021950856,0.0
6.8,8.4282714E-4,8.598636E-4,0.0
6.9,7.2776515E-4,7.426417E-4,0.0
7.0,6.060955E-4,6.1849994E-4,0.0
7.1,4.1068246E-4,4.1934245E-4,0.0
