Magnitude,UCERF3-TI Prob,UCERF3-TD Prob,UCERF3-ETAS Prob
6.0,0.015371585,0.016865151,0.0
6.1,0.015371585,0.016865151,0.0
6.2,0.00998465,0.010925789,0.0
6.3,0.006888649,0.0075252457,0.0
6.4,0.004071363,0.0044413605,0.0
6.5,0.0027656353,0.0030162341,0.0
6.6,0.0018768552,0.0020480386,0.0
6.7,0.0013224703,0.0014441517,0.0
6.8,6.3198735E-4,6.910094E-4,0.0
