Magnitude,UCERF3-TI Prob,UCERF3-TD Prob,UCERF3-ETAS Prob
6.0,0.0066113044,0.006858252,0.0
6.1,0.0066113044,0.006858252,0.0
6.2,0.0066113044,0.006858252,0.0
6.3,0.0066113044,0.006858252,0.0
6.4,0.0066113044,0.006858252,0.0
6.5,0.0066113044,0.006858252,0.0
6.6,0.0029996498,0.0031050162,0.0
6.7,0.0029996498,0.0031050162,0.0
6.8,0.0017451472,0.0018053891,0.0
6.9,0.0010613267,0.0010978687,0.0
7.0,6.480942E-4,6.70546E-4,0.0
7.1,3.490376E-4,3.6133413E-4,0.0
7.2,2.0598859E-4,2.132938E-4,0.0
