Magnitude,UCERF3-TI Prob,UCERF3-TD Prob,UCERF3-ETAS Prob
6.0,0.02048922,0.022179803,0.1
6.1,0.01298276,0.013971111,0.1
6.2,0.01298276,0.013971111,0.1
6.3,0.008636732,0.009256316,0.1
6.4,0.008636732,0.009256316,0.1
6.5,0.006964916,0.0074533694,0.0
6.6,0.005794574,0.006195199,0.0
6.7,0.0036562826,0.0039040036,0.0
6.8,0.0030947074,0.0033037742,0.0
6.9,0.002152571,0.0022970885,0.0
7.0,0.0013824535,0.0014740938,0.0
7.1,6.7770475E-4,7.228794E-4,0.0
7.2,2.5919956E-4,2.7689844E-4,0.0
