Magnitude,UCERF3-TI Prob,UCERF3-TD Prob,UCERF3-ETAS Prob
6.0,0.03160919,0.04012185,0.0
6.1,0.03160919,0.04012185,0.0
6.2,0.021337535,0.026709784,0.0
6.3,0.021337535,0.026709784,0.0
6.4,0.016760793,0.02084125,0.0
6.5,0.014095354,0.017472384,0.0
6.6,0.010739161,0.013286787,0.0
6.7,0.009379748,0.011608565,0.0
6.8,0.007524277,0.009326602,0.0
6.9,0.0044589094,0.005552617,0.0
