Magnitude,UCERF3-TI Prob,UCERF3-TD Prob,UCERF3-ETAS Prob
6.0,0.02395408,0.023374055,0.0
6.1,0.020565065,0.018812317,0.0
6.2,0.018644003,0.016471952,0.0
6.3,0.016999546,0.014578097,0.0
6.4,0.015085992,0.012560406,0.0
6.5,0.014028233,0.011537102,0.0
6.6,0.011603311,0.009403851,0.0
6.7,0.010101665,0.008069991,0.0
6.8,0.0056027942,0.0046589486,0.0
6.9,0.0011152053,9.3015854E-4,0.0
7.0,0.0010926984,9.0827007E-4,0.0
7.1,9.329135E-4,7.525711E-4,0.0
7.2,5.072095E-4,3.6968428E-4,0.0
