Magnitude,UCERF3-TI Prob,UCERF3-TD Prob,UCERF3-ETAS Prob
6.0,0.013122803,0.013997162,0.0
6.1,0.013122803,0.013997162,0.0
6.2,0.008508399,0.009042258,0.0
6.3,0.0062136655,0.0065899785,0.0
6.4,0.004785171,0.005067947,0.0
6.5,0.0039988225,0.0042315703,0.0
6.6,0.003379844,0.003574756,0.0
6.7,0.002400498,0.0025373255,0.0
6.8,0.0017097679,0.0018072018,0.0
6.9,0.0012145005,0.0012842652,0.0
7.0,6.3183554E-4,6.688764E-4,0.0
