Magnitude,UCERF3-TI Prob,UCERF3-TD Prob,UCERF3-ETAS Prob
6.0,0.013179175,0.0142685855,0.1
6.1,0.013179175,0.0142685855,0.1
6.2,0.013179175,0.0142685855,0.1
6.3,0.013179175,0.0142685855,0.1
6.4,0.0061447476,0.006611783,0.1
6.5,0.0061447476,0.006611783,0.1
6.6,0.0048627043,0.0052282237,0.1
6.7,0.0036802588,0.0039550913,0.1
6.8,0.0025049183,0.002692588,0.1
6.9,0.0017810026,0.001915617,0.1
7.0,0.0013177756,0.0014185818,0.1
