Magnitude,UCERF3-TI Prob,UCERF3-TD Prob,UCERF3-ETAS Prob
6.0,0.0051593683,0.005297471,0.0
6.1,0.0051593683,0.005297471,0.0
6.2,0.0023763329,0.002443803,0.0
6.3,0.0023763329,0.002443803,0.0
6.4,0.001773841,0.0018268342,0.0
6.5,0.0014783246,0.0015240412,0.0
6.6,0.0011741214,0.0012124319,0.0
6.7,9.863076E-4,0.0010198859,0.0
6.8,7.75846E-4,8.03697E-4,0.0
6.9,3.5662777E-4,3.716579E-4,0.0
