Magnitude,UCERF3-TI Prob,UCERF3-TD Prob,UCERF3-ETAS Prob
6.0,0.019243775,0.022149753,0.0
6.1,0.014143906,0.01617559,0.0
6.2,0.014143906,0.01617559,0.0
6.3,0.010663681,0.012162409,0.0
6.4,0.010663681,0.012162409,0.0
6.5,0.009234319,0.010531852,0.0
6.6,0.008454733,0.009643958,0.0
6.7,0.006786986,0.0077560213,0.0
6.8,0.0054262993,0.0061880364,0.0
6.9,0.003978506,0.0045418744,0.0
7.0,0.0020432258,0.0023438332,0.0
7.1,8.3544437E-4,9.6066186E-4,0.0
