Magnitude,UCERF3-TI Prob,UCERF3-TD Prob,UCERF3-ETAS Prob
6.0,0.039442103,0.052570775,0.0
6.1,0.023756953,0.030509312,0.0
6.2,0.023756953,0.030509312,0.0
6.3,0.017212452,0.021638164,0.0
6.4,0.014366428,0.017876668,0.0
6.5,0.014344421,0.017851178,0.0
6.6,0.011917574,0.014703906,0.0
6.7,0.010315218,0.012764825,0.0
6.8,0.0034191788,0.0039285086,0.0
6.9,0.0029291727,0.003359789,0.0
7.0,0.0020201886,0.0023186395,0.0
7.1,8.3544437E-4,9.6066186E-4,0.0
