Magnitude,UCERF3-TI Prob,UCERF3-TD Prob,UCERF3-ETAS Prob
6.0,0.0065689543,0.007040452,0.0
6.1,0.0065689543,0.007040452,0.0
6.2,0.0065689543,0.007040452,0.0
6.3,0.0065689543,0.007040452,0.0
6.4,0.0034602303,0.0036886956,0.0
6.5,0.0034602303,0.0036886956,0.0
6.6,0.0031927335,0.0034032825,0.0
6.7,0.0025781945,0.0027509222,0.0
6.8,0.0024058819,0.002568332,0.0
6.9,0.0022517592,0.0024047273,0.0
7.0,0.0019486571,0.0020823563,0.0
7.1,0.0016649774,0.0017803924,0.0
7.2,0.0011658648,0.0012481093,0.0
