Magnitude,UCERF3-TI Prob,UCERF3-TD Prob,UCERF3-ETAS Prob
6.0,0.0023754628,0.002466315,0.0
6.1,0.0023754628,0.002466315,0.0
6.2,0.0013910364,0.0014501016,0.0
6.3,0.0013910364,0.0014501016,0.0
6.4,0.0011555976,0.0012083702,0.0
6.5,0.0011465458,0.0011989481,0.0
6.6,7.9448614E-4,8.332807E-4,0.0
6.7,6.8525434E-4,7.193256E-4,0.0
6.8,6.4032647E-4,6.722425E-4,0.0
6.9,6.17452E-4,6.482266E-4,0.0
7.0,5.137943E-4,5.392927E-4,0.0
7.1,4.259143E-4,4.4699467E-4,0.0
7.2,2.9891645E-4,3.1371546E-4,0.0
