Magnitude,UCERF3-TI Prob,UCERF3-TD Prob,UCERF3-ETAS Prob
6.0,0.012207527,0.0129505135,0.0
6.1,0.012207527,0.0129505135,0.0
6.2,0.012207527,0.0129505135,0.0
6.3,0.005104534,0.005393978,0.0
6.4,0.005104534,0.005393978,0.0
6.5,0.0032256835,0.0034023803,0.0
6.6,0.0022772867,0.0023990374,0.0
6.7,0.0017521014,0.0018459309,0.0
6.8,0.0013446413,0.0014168344,0.0
6.9,5.210149E-4,5.495601E-4,0.0
