Magnitude,UCERF3-TI Prob,UCERF3-TD Prob,UCERF3-ETAS Prob
6.0,0.009216278,0.010411546,0.0
6.1,0.009216278,0.010411546,0.0
6.2,0.009216278,0.010411546,0.0
6.3,0.009216278,0.010411546,0.0
6.4,0.009216278,0.010411546,0.0
6.5,0.0066682473,0.0076176156,0.0
6.6,0.0066682473,0.0076176156,0.0
6.7,0.005043458,0.0058508324,0.0
6.8,0.005043458,0.0058508324,0.0
6.9,0.004215506,0.004953945,0.0
7.0,0.0037424958,0.0044427323,0.0
7.1,0.0018213232,0.0020598336,0.0
7.2,0.0012717636,0.0013659932,0.0
