Magnitude,UCERF3-TI Prob,UCERF3-TD Prob,UCERF3-ETAS Prob
6.0,0.010135954,0.010950029,0.0
6.1,0.010135954,0.010950029,0.0
6.2,0.010135954,0.010950029,0.0
6.3,0.010135954,0.010950029,0.0
6.4,0.010135954,0.010950029,0.0
6.5,0.0065971776,0.0070908084,0.0
6.6,0.0065971776,0.0070908084,0.0
6.7,0.0047463053,0.0050863386,0.0
6.8,0.0045743673,0.004904176,0.0
6.9,0.0035191004,0.0037688133,0.0
7.0,0.0026988357,0.0028899224,0.0
7.1,0.0021322304,0.0022833678,0.0
7.2,0.0011658648,0.0012481093,0.0
