Magnitude,UCERF3-TI Prob,UCERF3-TD Prob,UCERF3-ETAS Prob
6.0,0.0064425888,0.006812736,0.0
6.1,0.0064425888,0.006812736,0.0
6.2,0.0064425888,0.006812736,0.0
6.3,0.0064425888,0.006812736,0.0
6.4,0.0064425888,0.006812736,0.0
6.5,0.003641826,0.0038442856,0.0
6.6,0.003641826,0.0038442856,0.0
6.7,0.0028538927,0.003013194,0.0
6.8,0.0020823893,0.0021980556,0.0
6.9,0.001541707,0.0016275172,0.0
7.0,7.594696E-4,8.032728E-4,0.0
7.1,3.6493264E-4,3.8635108E-4,0.0
