Magnitude,UCERF3-TI Prob,UCERF3-TD Prob,UCERF3-ETAS Prob
6.0,0.011179381,0.012028781,0.0
6.1,0.011179381,0.012028781,0.0
6.2,0.011179381,0.012028781,0.0
6.3,0.005217545,0.005589177,0.0
6.4,0.005217545,0.005589177,0.0
6.5,0.0036259557,0.003881284,0.0
6.6,0.0026013597,0.0027846089,0.0
6.7,0.0019095168,0.002044821,0.0
6.8,0.0013348613,0.0014306979,0.0
6.9,9.223483E-4,9.890103E-4,0.0
