Magnitude,UCERF3-TI Prob,UCERF3-TD Prob,UCERF3-ETAS Prob
6.0,0.015895851,0.017121818,0.0
6.1,0.015895851,0.017121818,0.0
6.2,0.006090366,0.006520712,0.0
6.3,0.006090366,0.006520712,0.0
6.4,0.0041288356,0.0044122813,0.0
6.5,0.0030650778,0.0032725176,0.0
6.6,0.0030650778,0.0032725176,0.0
6.7,0.0016013865,0.0017096669,0.0
6.8,0.001184915,0.0012656776,0.0
6.9,5.191674E-4,5.553773E-4,0.0
7.0,2.4722028E-4,2.6463892E-4,0.0
