Magnitude,UCERF3-TI Prob,UCERF3-TD Prob,UCERF3-ETAS Prob
6.0,0.011015458,0.011782538,0.1
6.1,0.011015458,0.011782538,0.1
6.2,0.011015458,0.011782538,0.1
6.3,0.0060417196,0.006422299,0.1
6.4,0.0060417196,0.006422299,0.1
6.5,0.0046494175,0.004932994,0.1
6.6,0.0038253788,0.0040549305,0.1
6.7,0.0032701963,0.0034651938,0.1
6.8,0.002877895,0.0030493408,0.1
6.9,0.0024899957,0.0026386904,0.1
7.0,0.0020241356,0.002146056,0.1
7.1,0.001478599,0.0015689074,0.0
