Magnitude,UCERF3-TI Prob,UCERF3-TD Prob,UCERF3-ETAS Prob
6.0,0.0143825635,0.015317763,0.0
6.1,0.008397939,0.008901436,0.0
6.2,0.008397939,0.008901436,0.0
6.3,0.0050724675,0.005358892,0.0
6.4,0.0050724675,0.005358892,0.0
6.5,0.0037966494,0.00400519,0.0
6.6,0.0029588798,0.0031185572,0.0
6.7,0.0018169804,0.0019134904,0.0
6.8,0.0014357162,0.0015120613,0.0
6.9,8.654827E-4,9.120676E-4,0.0
7.0,2.6618753E-4,2.810129E-4,0.0
