Magnitude,UCERF3-TI Prob,UCERF3-TD Prob,UCERF3-ETAS Prob
6.0,0.14089979,0.2513076,0.1
6.1,0.14089979,0.2513076,0.1
6.2,0.14089979,0.2513076,0.1
6.3,0.14089979,0.2513076,0.1
6.4,0.12270685,0.22174765,0.1
6.5,0.12270685,0.22174765,0.1
6.6,0.11286586,0.20595059,0.1
6.7,0.09732539,0.18031098,0.1
6.8,0.07758363,0.14106736,0.0
6.9,0.060947374,0.107460804,0.0
7.0,0.04750344,0.08148147,0.0
7.1,0.025903556,0.04132776,0.0
7.2,3.414778E-5,3.3136555E-5,0.0
