Magnitude,UCERF3-TI Prob,UCERF3-TD Prob,UCERF3-ETAS Prob
6.0,0.0071661277,0.007643232,0.0
6.1,0.0071661277,0.007643232,0.0
6.2,0.0071661277,0.007643232,0.0
6.3,0.005748908,0.0061314492,0.0
6.4,0.005748908,0.0061314492,0.0
6.5,0.0050947363,0.00543724,0.0
6.6,0.0045864056,0.0048973346,0.0
6.7,0.004581874,0.004892396,0.0
6.8,0.003593594,0.003841516,0.0
6.9,0.0025705635,0.0027452412,0.0
7.0,0.0017454025,0.0018705068,0.0
7.1,6.297835E-4,6.7436846E-4,0.0
