Magnitude,UCERF3-TI Prob,UCERF3-TD Prob,UCERF3-ETAS Prob
6.0,0.019243775,0.022297125,0.0
6.1,0.014143906,0.01627809,0.0
6.2,0.014143906,0.01627809,0.0
6.3,0.010663681,0.012237899,0.0
6.4,0.010663681,0.012237899,0.0
6.5,0.009234319,0.010597234,0.0
6.6,0.008454733,0.009703899,0.0
6.7,0.006786986,0.007804978,0.0
6.8,0.0054262993,0.0062263743,0.0
6.9,0.003978506,0.0045702434,0.0
7.0,0.0020432258,0.0023590468,0.0
7.1,8.3544437E-4,9.6701476E-4,0.0
