Magnitude,UCERF3-TI Prob,UCERF3-TD Prob,UCERF3-ETAS Prob
6.0,0.0065689543,0.007062433,0.0
6.1,0.0065689543,0.007062433,0.0
6.2,0.0065689543,0.007062433,0.0
6.3,0.0065689543,0.007062433,0.0
6.4,0.0034602303,0.0036993735,0.0
6.5,0.0034602303,0.0036993735,0.0
6.6,0.0031927335,0.003413122,0.0
6.7,0.0025781945,0.0027590075,0.0
6.8,0.0024058819,0.0025759398,0.0
6.9,0.0022517592,0.0024118933,0.0
7.0,0.0019486571,0.002088623,0.0
7.1,0.0016649774,0.0017858049,0.0
7.2,0.0011658648,0.0012519691,0.0
