Magnitude,UCERF3-TI Prob,UCERF3-TD Prob,UCERF3-ETAS Prob
6.0,0.002255697,0.0023392981,0.0
6.1,0.002255697,0.0023392981,0.0
